passengerid,survived,pclass,age,sibsp,parch,fare,sex_female,embarked_2,embarked_3,logistic_survived,xgboost_survived
1,0,3,22.0,1,0,7.25,False,False,True,0,0
2,1,1,38.0,1,0,71.2833,True,False,False,1,1
3,1,3,26.0,0,0,7.925,True,False,True,1,1
4,1,1,35.0,1,0,53.1,True,False,True,1,1
5,0,3,35.0,0,0,8.05,False,False,True,0,0
6,0,3,60.0,0,0,8.4583,False,True,False,0,0
7,0,1,54.0,0,0,51.8625,False,False,True,0,0
8,0,3,2.0,3,1,21.075,False,False,True,0,0
9,1,3,27.0,0,2,11.1333,True,False,True,1,1
10,1,2,14.0,1,0,30.0708,True,False,False,1,1
11,1,3,4.0,1,1,16.7,True,False,True,1,1
12,1,1,58.0,0,0,26.55,True,False,True,1,1
13,0,3,20.0,0,0,8.05,False,False,True,0,0
14,0,3,39.0,1,5,31.275,False,False,True,0,0
15,0,3,14.0,0,0,7.8542,True,False,True,1,0
16,1,2,55.0,0,0,16.0,True,False,True,1,1
17,0,3,2.0,4,1,29.125,False,True,False,0,0
18,1,2,60.0,0,0,13.0,False,False,True,0,1
19,0,3,31.0,1,0,18.0,True,False,True,1,0
20,1,3,60.0,0,0,7.225,True,False,False,1,1
21,0,2,35.0,0,0,26.0,False,False,True,0,0
22,1,2,34.0,0,0,13.0,False,False,True,0,1
23,1,3,15.0,0,0,8.0292,True,True,False,1,1
24,1,1,28.0,0,0,35.5,False,False,True,0,0
25,0,3,8.0,3,1,21.075,True,False,True,1,0
26,1,3,38.0,1,5,31.3875,True,False,True,0,0
27,0,3,60.0,0,0,7.225,False,False,False,0,0
28,0,1,19.0,3,2,263.0,False,False,True,0,0
29,1,3,60.0,0,0,7.8792,True,True,False,1,1
30,0,3,60.0,0,0,7.8958,False,False,True,0,0
31,0,1,40.0,0,0,27.7208,False,False,False,1,0
32,1,1,60.0,1,0,146.5208,True,False,False,1,1
33,1,3,60.0,0,0,7.75,True,True,False,1,1
34,0,2,66.0,0,0,10.5,False,False,True,0,1
35,0,1,28.0,1,0,82.1708,False,False,False,1,0
36,0,1,42.0,1,0,52.0,False,False,True,0,0
37,1,3,60.0,0,0,7.2292,False,False,False,0,1
38,0,3,21.0,0,0,8.05,False,False,True,0,0
39,0,3,18.0,2,0,18.0,True,False,True,1,0
40,1,3,14.0,1,0,11.2417,True,False,False,1,0
41,0,3,40.0,1,0,9.475,True,False,True,0,0
42,0,2,27.0,1,0,21.0,True,False,True,1,0
43,0,3,60.0,0,0,7.8958,False,False,False,0,0
44,1,2,3.0,1,2,41.5792,True,False,False,1,1
45,1,3,19.0,0,0,7.8792,True,True,False,1,1
46,0,3,60.0,0,0,8.05,False,False,True,0,0
47,0,3,60.0,1,0,15.5,False,True,False,0,0
48,1,3,60.0,0,0,7.75,True,True,False,1,1
49,0,3,60.0,2,0,21.6792,False,False,False,0,0
50,0,3,18.0,1,0,17.8,True,False,True,1,0
51,0,3,7.0,4,1,39.6875,False,False,True,0,0
52,0,3,21.0,0,0,7.8,False,False,True,0,0
53,1,1,49.0,1,0,76.7292,True,False,False,1,1
54,1,2,29.0,1,0,26.0,True,False,True,1,1
55,0,1,65.0,0,1,61.9792,False,False,False,0,0
56,1,1,60.0,0,0,35.5,False,False,True,0,1
57,1,2,21.0,0,0,10.5,True,False,True,1,1
58,0,3,28.5,0,0,7.2292,False,False,False,0,0
59,1,2,5.0,1,2,27.75,True,False,True,1,1
60,0,3,11.0,5,2,46.9,False,False,True,0,0
61,0,3,22.0,0,0,7.2292,False,False,False,0,0
63,0,1,45.0,1,0,83.475,False,False,True,0,0
64,0,3,4.0,3,2,27.9,False,False,True,0,0
65,0,1,60.0,0,0,27.7208,False,False,False,0,1
66,1,3,60.0,1,1,15.2458,False,False,False,0,1
67,1,2,29.0,0,0,10.5,True,False,True,1,1
68,0,3,19.0,0,0,8.1583,False,False,True,0,0
69,1,3,17.0,4,2,7.925,True,False,True,0,0
70,0,3,26.0,2,0,8.6625,False,False,True,0,0
71,0,2,32.0,0,0,10.5,False,False,True,0,0
72,0,3,16.0,5,2,46.9,True,False,True,0,0
73,0,2,21.0,0,0,73.5,False,False,True,0,0
74,0,3,26.0,1,0,14.4542,False,False,False,0,0
75,1,3,32.0,0,0,56.4958,False,False,True,0,1
76,0,3,25.0,0,0,7.65,False,False,True,0,0
77,0,3,60.0,0,0,7.8958,False,False,True,0,0
78,0,3,60.0,0,0,8.05,False,False,True,0,0
79,1,2,0.83,0,2,29.0,False,False,True,0,0
80,1,3,30.0,0,0,12.475,True,False,True,1,0
81,0,3,22.0,0,0,9.0,False,False,True,0,0
82,1,3,29.0,0,0,9.5,False,False,True,0,1
83,1,3,60.0,0,0,7.7875,True,True,False,1,1
84,0,1,28.0,0,0,47.1,False,False,True,0,0
85,1,2,17.0,0,0,10.5,True,False,True,1,1
86,1,3,33.0,3,0,15.85,True,False,True,0,0
87,0,3,16.0,1,3,34.375,False,False,True,0,0
88,0,3,60.0,0,0,8.05,False,False,True,0,0
89,1,1,23.0,3,2,263.0,True,False,True,1,1
90,0,3,24.0,0,0,8.05,False,False,True,0,0
91,0,3,29.0,0,0,8.05,False,False,True,0,0
92,0,3,20.0,0,0,7.8542,False,False,True,0,0
93,0,1,46.0,1,0,61.175,False,False,True,0,0
94,0,3,26.0,1,2,20.575,False,False,True,0,0
95,0,3,59.0,0,0,7.25,False,False,True,0,0
96,0,3,60.0,0,0,8.05,False,False,True,0,0
97,0,1,71.0,0,0,34.6542,False,False,False,0,0
98,1,1,23.0,0,1,63.3583,False,False,False,1,0
99,1,2,34.0,0,1,23.0,True,False,True,1,1
100,0,2,34.0,1,0,26.0,False,False,True,0,0
101,0,3,28.0,0,0,7.8958,True,False,True,1,0
102,0,3,60.0,0,0,7.8958,False,False,True,0,0
103,0,1,21.0,0,1,77.2875,False,False,True,1,0
104,0,3,33.0,0,0,8.6542,False,False,True,0,0
105,0,3,37.0,2,0,7.925,False,False,True,0,0
106,0,3,28.0,0,0,7.8958,False,False,True,0,0
107,1,3,21.0,0,0,7.65,True,False,True,1,1
108,1,3,60.0,0,0,7.775,False,False,True,0,1
109,0,3,38.0,0,0,7.8958,False,False,True,0,0
110,1,3,60.0,1,0,24.15,True,True,False,1,1
111,0,1,47.0,0,0,52.0,False,False,True,0,0
112,0,3,14.5,1,0,14.4542,True,False,False,1,0
113,0,3,22.0,0,0,8.05,False,False,True,0,0
114,0,3,20.0,1,0,9.825,True,False,True,1,0
115,0,3,17.0,0,0,14.4583,True,False,False,1,0
116,0,3,21.0,0,0,7.925,False,False,True,0,0
117,0,3,70.5,0,0,7.75,False,True,False,0,0
118,0,2,29.0,1,0,21.0,False,False,True,0,0
119,0,1,24.0,0,1,247.5208,False,False,False,1,0
120,0,3,2.0,4,2,31.275,True,False,True,0,0
121,0,2,21.0,2,0,73.5,False,False,True,0,0
122,0,3,60.0,0,0,8.05,False,False,True,0,0
123,0,2,32.5,1,0,30.0708,False,False,False,0,0
124,1,2,32.5,0,0,13.0,True,False,True,1,1
125,0,1,54.0,0,1,77.2875,False,False,True,0,0
126,1,3,12.0,1,0,11.2417,False,False,False,0,1
127,0,3,60.0,0,0,7.75,False,True,False,0,0
128,1,3,24.0,0,0,7.1417,False,False,True,0,1
129,1,3,60.0,1,1,22.3583,True,False,False,0,1
130,0,3,45.0,0,0,6.975,False,False,True,0,0
131,0,3,33.0,0,0,7.8958,False,False,False,0,0
132,0,3,20.0,0,0,7.05,False,False,True,0,0
133,0,3,47.0,1,0,14.5,True,False,True,0,0
134,1,2,29.0,1,0,26.0,True,False,True,1,1
135,0,2,25.0,0,0,13.0,False,False,True,0,0
136,0,2,23.0,0,0,15.0458,False,False,False,0,0
137,1,1,19.0,0,2,26.2833,True,False,True,1,1
138,0,1,37.0,1,0,53.1,False,False,True,0,0
139,0,3,16.0,0,0,9.2167,False,False,True,0,0
140,0,1,24.0,0,0,79.2,False,False,False,1,0
141,0,3,60.0,0,2,15.2458,True,False,False,1,1
142,1,3,22.0,0,0,7.75,True,False,True,1,1
143,1,3,24.0,1,0,15.85,True,False,True,1,0
144,0,3,19.0,0,0,6.75,False,True,False,0,0
145,0,2,18.0,0,0,11.5,False,False,True,0,0
146,0,2,19.0,1,1,36.75,False,False,True,0,0
147,1,3,27.0,0,0,7.7958,False,False,True,0,1
148,0,3,9.0,2,2,34.375,True,False,True,1,0
149,0,2,36.5,0,2,26.0,False,False,True,0,0
150,0,2,42.0,0,0,13.0,False,False,True,0,0
151,0,2,51.0,0,0,12.525,False,False,True,0,0
152,1,1,22.0,1,0,66.6,True,False,True,1,1
153,0,3,55.5,0,0,8.05,False,False,True,0,0
154,0,3,40.5,0,2,14.5,False,False,True,0,0
155,0,3,60.0,0,0,7.3125,False,False,True,0,0
156,0,1,51.0,0,1,61.3792,False,False,False,0,0
157,1,3,16.0,0,0,7.7333,True,True,False,1,1
158,0,3,30.0,0,0,8.05,False,False,True,0,0
159,0,3,60.0,0,0,8.6625,False,False,True,0,0
160,0,3,60.0,8,2,69.55,False,False,True,0,0
161,0,3,44.0,0,1,16.1,False,False,True,0,0
162,1,2,40.0,0,0,15.75,True,False,True,1,1
163,0,3,26.0,0,0,7.775,False,False,True,0,0
164,0,3,17.0,0,0,8.6625,False,False,True,0,0
165,0,3,1.0,4,1,39.6875,False,False,True,0,0
166,1,3,9.0,0,2,20.525,False,False,True,0,1
167,1,1,60.0,0,1,55.0,True,False,True,1,1
168,0,3,45.0,1,4,27.9,True,False,True,0,0
169,0,1,60.0,0,0,25.925,False,False,True,0,0
170,0,3,28.0,0,0,56.4958,False,False,True,0,0
171,0,1,61.0,0,0,33.5,False,False,True,0,0
172,0,3,4.0,4,1,29.125,False,True,False,0,0
173,1,3,1.0,1,1,11.1333,True,False,True,1,1
174,0,3,21.0,0,0,7.925,False,False,True,0,0
175,0,1,56.0,0,0,30.6958,False,False,False,0,0
176,0,3,18.0,1,1,7.8542,False,False,True,0,0
177,0,3,60.0,3,1,25.4667,False,False,True,0,0
178,0,1,50.0,0,0,28.7125,True,False,False,1,0
179,0,2,30.0,0,0,13.0,False,False,True,0,0
180,0,3,36.0,0,0,0.0,False,False,True,0,0
181,0,3,60.0,8,2,69.55,True,False,True,0,0
182,0,2,60.0,0,0,15.05,False,False,False,0,0
183,0,3,9.0,4,2,31.3875,False,False,True,0,0
184,1,2,1.0,2,1,39.0,False,False,True,0,1
185,1,3,4.0,0,2,22.025,True,False,True,1,1
186,0,1,60.0,0,0,50.0,False,False,True,0,0
187,1,3,60.0,1,0,15.5,True,True,False,1,1
188,1,1,45.0,0,0,26.55,False,False,True,0,1
189,0,3,40.0,1,1,15.5,False,True,False,0,0
190,0,3,36.0,0,0,7.8958,False,False,True,0,0
191,1,2,32.0,0,0,13.0,True,False,True,1,1
192,0,2,19.0,0,0,13.0,False,False,True,0,0
193,1,3,19.0,1,0,7.8542,True,False,True,1,1
194,1,2,3.0,1,1,26.0,False,False,True,0,1
195,1,1,44.0,0,0,27.7208,True,False,False,1,1
196,1,1,58.0,0,0,146.5208,True,False,False,1,1
197,0,3,60.0,0,0,7.75,False,True,False,0,0
198,0,3,42.0,0,1,8.4042,False,False,True,0,0
199,1,3,60.0,0,0,7.75,True,True,False,1,1
200,0,2,24.0,0,0,13.0,True,False,True,1,1
201,0,3,28.0,0,0,9.5,False,False,True,0,0
202,0,3,60.0,8,2,69.55,False,False,True,0,0
203,0,3,34.0,0,0,6.4958,False,False,True,0,0
204,0,3,45.5,0,0,7.225,False,False,False,0,0
205,1,3,18.0,0,0,8.05,False,False,True,0,1
206,0,3,2.0,0,1,10.4625,True,False,True,1,1
207,0,3,32.0,1,0,15.85,False,False,True,0,0
208,1,3,26.0,0,0,18.7875,False,False,False,0,1
209,1,3,16.0,0,0,7.75,True,True,False,1,1
210,1,1,40.0,0,0,31.0,False,False,False,1,0
211,0,3,24.0,0,0,7.05,False,False,True,0,0
212,1,2,35.0,0,0,21.0,True,False,True,1,1
213,0,3,22.0,0,0,7.25,False,False,True,0,0
214,0,2,30.0,0,0,13.0,False,False,True,0,0
215,0,3,60.0,1,0,7.75,False,True,False,0,0
216,1,1,31.0,1,0,113.275,True,False,False,1,1
217,1,3,27.0,0,0,7.925,True,False,True,1,0
218,0,2,42.0,1,0,27.0,False,False,True,0,0
219,1,1,32.0,0,0,76.2917,True,False,False,1,1
220,0,2,30.0,0,0,10.5,False,False,True,0,0
221,1,3,16.0,0,0,8.05,False,False,True,0,1
222,0,2,27.0,0,0,13.0,False,False,True,0,0
223,0,3,51.0,0,0,8.05,False,False,True,0,0
224,0,3,60.0,0,0,7.8958,False,False,True,0,0
225,1,1,38.0,1,0,90.0,False,False,True,0,1
226,0,3,22.0,0,0,9.35,False,False,True,0,0
227,1,2,19.0,0,0,10.5,False,False,True,0,1
228,0,3,20.5,0,0,7.25,False,False,True,0,0
229,0,2,18.0,0,0,13.0,False,False,True,0,1
230,0,3,60.0,3,1,25.4667,True,False,True,0,0
231,1,1,35.0,1,0,83.475,True,False,True,1,1
232,0,3,29.0,0,0,7.775,False,False,True,0,0
233,0,2,59.0,0,0,13.5,False,False,True,0,0
234,1,3,5.0,4,2,31.3875,True,False,True,0,1
235,0,2,24.0,0,0,10.5,False,False,True,0,0
236,0,3,60.0,0,0,7.55,True,False,True,0,0
237,0,2,44.0,1,0,26.0,False,False,True,0,0
238,1,2,8.0,0,2,26.25,True,False,True,1,1
239,0,2,19.0,0,0,10.5,False,False,True,0,0
240,0,2,33.0,0,0,12.275,False,False,True,0,0
241,0,3,60.0,1,0,14.4542,True,False,False,1,0
242,1,3,60.0,1,0,15.5,True,True,False,1,1
243,0,2,29.0,0,0,10.5,False,False,True,0,0
244,0,3,22.0,0,0,7.125,False,False,True,0,0
245,0,3,30.0,0,0,7.225,False,False,False,0,0
246,0,1,44.0,2,0,90.0,False,True,False,0,0
247,0,3,25.0,0,0,7.775,True,False,True,1,0
248,1,2,24.0,0,2,14.5,True,False,True,1,1
249,1,1,37.0,1,1,52.5542,False,False,True,0,0
250,0,2,54.0,1,0,26.0,False,False,True,0,0
251,0,3,60.0,0,0,7.25,False,False,True,0,0
252,0,3,29.0,1,1,10.4625,True,False,True,1,0
253,0,1,62.0,0,0,26.55,False,False,True,0,0
254,0,3,30.0,1,0,16.1,False,False,True,0,0
255,0,3,41.0,0,2,20.2125,True,False,True,1,0
256,1,3,29.0,0,2,15.2458,True,False,False,1,0
257,1,1,60.0,0,0,79.2,True,False,False,1,1
258,1,1,30.0,0,0,86.5,True,False,True,1,1
259,1,1,35.0,0,0,512.3292,True,False,False,1,1
260,1,2,50.0,0,1,26.0,True,False,True,1,1
261,0,3,60.0,0,0,7.75,False,True,False,0,0
262,1,3,3.0,4,2,31.3875,False,False,True,0,1
263,0,1,52.0,1,1,79.65,False,False,True,0,0
264,0,1,40.0,0,0,0.0,False,False,True,0,0
265,0,3,60.0,0,0,7.75,True,True,False,1,0
266,0,2,36.0,0,0,10.5,False,False,True,0,0
267,0,3,16.0,4,1,39.6875,False,False,True,0,0
268,1,3,25.0,1,0,7.775,False,False,True,0,0
269,1,1,58.0,0,1,153.4625,True,False,True,1,1
270,1,1,35.0,0,0,135.6333,True,False,True,1,1
271,0,1,60.0,0,0,31.0,False,False,True,0,0
272,1,3,25.0,0,0,0.0,False,False,True,0,1
273,1,2,41.0,0,1,19.5,True,False,True,1,1
274,0,1,37.0,0,1,29.7,False,False,False,1,0
275,1,3,60.0,0,0,7.75,True,True,False,1,1
276,1,1,63.0,1,0,77.9583,True,False,True,1,1
277,0,3,45.0,0,0,7.75,True,False,True,1,1
278,0,2,60.0,0,0,0.0,False,False,True,0,0
279,0,3,7.0,4,1,29.125,False,True,False,0,0
280,1,3,35.0,1,1,20.25,True,False,True,1,1
281,0,3,65.0,0,0,7.75,False,True,False,0,0
282,0,3,28.0,0,0,7.8542,False,False,True,0,1
283,0,3,16.0,0,0,9.5,False,False,True,0,1
284,1,3,19.0,0,0,8.05,False,False,True,0,1
285,0,1,60.0,0,0,26.0,False,False,True,0,0
286,0,3,33.0,0,0,8.6625,False,False,False,0,0
287,1,3,30.0,0,0,9.5,False,False,True,0,1
288,0,3,22.0,0,0,7.8958,False,False,True,0,0
289,1,2,42.0,0,0,13.0,False,False,True,0,1
290,1,3,22.0,0,0,7.75,True,True,False,1,1
291,1,1,26.0,0,0,78.85,True,False,True,1,1
292,1,1,19.0,1,0,91.0792,True,False,False,1,1
293,0,2,36.0,0,0,12.875,False,False,False,0,0
294,0,3,24.0,0,0,8.85,True,False,True,1,0
295,0,3,24.0,0,0,7.8958,False,False,True,0,0
296,0,1,60.0,0,0,27.7208,False,False,False,0,0
297,0,3,23.5,0,0,7.2292,False,False,False,0,0
298,0,1,2.0,1,2,151.55,True,False,True,1,1
299,1,1,60.0,0,0,30.5,False,False,True,0,1
300,1,1,50.0,0,1,247.5208,True,False,False,1,1
301,1,3,60.0,0,0,7.75,True,True,False,1,1
302,1,3,60.0,2,0,23.25,False,True,False,0,1
303,0,3,19.0,0,0,0.0,False,False,True,0,0
304,1,2,60.0,0,0,12.35,True,True,False,1,1
305,0,3,60.0,0,0,8.05,False,False,True,0,0
306,1,1,0.92,1,2,151.55,False,False,True,1,1
307,1,1,60.0,0,0,110.8833,True,False,False,1,1
308,1,1,17.0,1,0,108.9,True,False,False,1,1
309,0,2,30.0,1,0,24.0,False,False,False,0,0
310,1,1,30.0,0,0,56.9292,True,False,False,1,1
311,1,1,24.0,0,0,83.1583,True,False,False,1,1
312,1,1,18.0,2,2,262.375,True,False,False,1,1
313,0,2,26.0,1,1,26.0,True,False,True,1,1
314,0,3,28.0,0,0,7.8958,False,False,True,0,0
315,0,2,43.0,1,1,26.25,False,False,True,0,0
316,1,3,26.0,0,0,7.8542,True,False,True,1,0
317,1,2,24.0,1,0,26.0,True,False,True,1,1
318,0,2,54.0,0,0,14.0,False,False,True,0,0
319,1,1,31.0,0,2,164.8667,True,False,True,1,1
320,1,1,40.0,1,1,134.5,True,False,False,1,1
321,0,3,22.0,0,0,7.25,False,False,True,0,0
322,0,3,27.0,0,0,7.8958,False,False,True,0,0
323,1,2,30.0,0,0,12.35,True,True,False,1,1
324,1,2,22.0,1,1,29.0,True,False,True,1,1
325,0,3,60.0,8,2,69.55,False,False,True,0,0
326,1,1,36.0,0,0,135.6333,True,False,False,1,1
327,0,3,61.0,0,0,6.2375,False,False,True,0,0
328,1,2,36.0,0,0,13.0,True,False,True,1,1
329,1,3,31.0,1,1,20.525,True,False,True,1,1
330,1,1,16.0,0,1,57.9792,True,False,False,1,1
331,1,3,60.0,2,0,23.25,True,True,False,0,1
332,0,1,45.5,0,0,28.5,False,False,True,0,0
333,0,1,38.0,0,1,153.4625,False,False,True,0,0
334,0,3,16.0,2,0,18.0,False,False,True,0,0
335,1,1,60.0,1,0,133.65,True,False,True,1,1
336,0,3,60.0,0,0,7.8958,False,False,True,0,0
337,0,1,29.0,1,0,66.6,False,False,True,0,0
338,1,1,41.0,0,0,134.5,True,False,False,1,1
339,1,3,45.0,0,0,8.05,False,False,True,0,1
340,0,1,45.0,0,0,35.5,False,False,True,0,0
341,1,2,2.0,1,1,26.0,False,False,True,0,1
342,1,1,24.0,3,2,263.0,True,False,True,1,1
343,0,2,28.0,0,0,13.0,False,False,True,0,0
344,0,2,25.0,0,0,13.0,False,False,True,0,0
345,0,2,36.0,0,0,13.0,False,False,True,0,0
346,1,2,24.0,0,0,13.0,True,False,True,1,1
347,1,2,40.0,0,0,13.0,True,False,True,1,1
348,1,3,60.0,1,0,16.1,True,False,True,0,1
349,1,3,3.0,1,1,15.9,False,False,True,0,1
350,0,3,42.0,0,0,8.6625,False,False,True,0,0
351,0,3,23.0,0,0,9.225,False,False,True,0,0
352,0,1,60.0,0,0,35.0,False,False,True,0,0
353,0,3,15.0,1,1,7.2292,False,False,False,0,0
354,0,3,25.0,1,0,17.8,False,False,True,0,0
355,0,3,60.0,0,0,7.225,False,False,False,0,0
356,0,3,28.0,0,0,9.5,False,False,True,0,0
357,1,1,22.0,0,1,55.0,True,False,True,1,1
358,0,2,38.0,0,0,13.0,True,False,True,1,0
359,1,3,60.0,0,0,7.8792,True,True,False,1,1
360,1,3,60.0,0,0,7.8792,True,True,False,1,1
361,0,3,40.0,1,4,27.9,False,False,True,0,0
362,0,2,29.0,1,0,27.7208,False,False,False,0,0
363,0,3,45.0,0,1,14.4542,True,False,False,1,0
364,0,3,35.0,0,0,7.05,False,False,True,0,0
365,0,3,60.0,1,0,15.5,False,True,False,0,0
366,0,3,30.0,0,0,7.25,False,False,True,0,0
367,1,1,60.0,1,0,75.25,True,False,False,1,1
368,1,3,60.0,0,0,7.2292,True,False,False,1,1
369,1,3,60.0,0,0,7.75,True,True,False,1,1
370,1,1,24.0,0,0,69.3,True,False,False,1,1
371,1,1,25.0,1,0,55.4417,False,False,False,1,1
372,0,3,18.0,1,0,6.4958,False,False,True,0,0
373,0,3,19.0,0,0,8.05,False,False,True,0,0
374,0,1,22.0,0,0,135.6333,False,False,False,1,0
375,0,3,3.0,3,1,21.075,True,False,True,1,0
376,1,1,60.0,1,0,82.1708,True,False,False,1,1
377,1,3,22.0,0,0,7.25,True,False,True,1,1
378,0,1,27.0,0,2,211.5,False,False,False,1,0
379,0,3,20.0,0,0,4.0125,False,False,False,0,0
380,0,3,19.0,0,0,7.775,False,False,True,0,0
381,1,1,42.0,0,0,227.525,True,False,False,1,1
382,1,3,1.0,0,2,15.7417,True,False,False,1,1
383,0,3,32.0,0,0,7.925,False,False,True,0,0
384,1,1,35.0,1,0,52.0,True,False,True,1,1
385,0,3,60.0,0,0,7.8958,False,False,True,0,0
386,0,2,18.0,0,0,73.5,False,False,True,0,0
387,0,3,1.0,5,2,46.9,False,False,True,0,0
388,1,2,36.0,0,0,13.0,True,False,True,1,1
389,0,3,60.0,0,0,7.7292,False,True,False,0,0
390,1,2,17.0,0,0,12.0,True,False,False,1,1
391,1,1,36.0,1,2,120.0,False,False,True,0,1
392,1,3,21.0,0,0,7.7958,False,False,True,0,1
393,0,3,28.0,2,0,7.925,False,False,True,0,0
394,1,1,23.0,1,0,113.275,True,False,False,1,1
395,1,3,24.0,0,2,16.7,True,False,True,1,1
396,0,3,22.0,0,0,7.7958,False,False,True,0,0
397,0,3,31.0,0,0,7.8542,True,False,True,1,0
398,0,2,46.0,0,0,26.0,False,False,True,0,0
399,0,2,23.0,0,0,10.5,False,False,True,0,0
400,1,2,28.0,0,0,12.65,True,False,True,1,1
401,1,3,39.0,0,0,7.925,False,False,True,0,1
402,0,3,26.0,0,0,8.05,False,False,True,0,0
403,0,3,21.0,1,0,9.825,True,False,True,1,0
404,0,3,28.0,1,0,15.85,False,False,True,0,0
405,0,3,20.0,0,0,8.6625,True,False,True,1,0
406,0,2,34.0,1,0,21.0,False,False,True,0,0
407,0,3,51.0,0,0,7.75,False,False,True,0,0
408,1,2,3.0,1,1,18.75,False,False,True,0,1
409,0,3,21.0,0,0,7.775,False,False,True,0,0
410,0,3,60.0,3,1,25.4667,True,False,True,0,0
411,0,3,60.0,0,0,7.8958,False,False,True,0,0
412,0,3,60.0,0,0,6.8583,False,True,False,0,0
413,1,1,33.0,1,0,90.0,True,True,False,1,1
414,0,2,60.0,0,0,0.0,False,False,True,0,0
415,1,3,44.0,0,0,7.925,False,False,True,0,1
416,0,3,60.0,0,0,8.05,True,False,True,0,0
417,1,2,34.0,1,1,32.5,True,False,True,1,1
418,1,2,18.0,0,2,13.0,True,False,True,1,1
419,0,2,30.0,0,0,13.0,False,False,True,0,0
420,0,3,10.0,0,2,24.15,True,False,True,1,0
421,0,3,60.0,0,0,7.8958,False,False,False,0,0
422,0,3,21.0,0,0,7.7333,False,True,False,0,0
423,0,3,29.0,0,0,7.875,False,False,True,0,0
424,0,3,28.0,1,1,14.4,True,False,True,1,0
425,0,3,18.0,1,1,20.2125,False,False,True,0,0
426,0,3,60.0,0,0,7.25,False,False,True,0,0
427,1,2,28.0,1,0,26.0,True,False,True,1,1
428,1,2,19.0,0,0,26.0,True,False,True,1,1
429,0,3,60.0,0,0,7.75,False,True,False,0,0
430,1,3,32.0,0,0,8.05,False,False,True,0,1
431,1,1,28.0,0,0,26.55,False,False,True,0,1
432,1,3,60.0,1,0,16.1,True,False,True,0,1
433,1,2,42.0,1,0,26.0,True,False,True,1,1
434,0,3,17.0,0,0,7.125,False,False,True,0,0
435,0,1,50.0,1,0,55.9,False,False,True,0,0
436,1,1,14.0,1,2,120.0,True,False,True,1,1
437,0,3,21.0,2,2,34.375,True,False,True,1,0
438,1,2,24.0,2,3,18.75,True,False,True,1,1
439,0,1,64.0,1,4,263.0,False,False,True,0,0
440,0,2,31.0,0,0,10.5,False,False,True,0,0
441,1,2,45.0,1,1,26.25,True,False,True,1,1
442,0,3,20.0,0,0,9.5,False,False,True,0,0
443,0,3,25.0,1,0,7.775,False,False,True,0,0
444,1,2,28.0,0,0,13.0,True,False,True,1,1
445,1,3,60.0,0,0,8.1125,False,False,True,0,1
446,1,1,4.0,0,2,81.8583,False,False,True,1,1
447,1,2,13.0,0,1,19.5,True,False,True,1,1
448,1,1,34.0,0,0,26.55,False,False,True,0,1
449,1,3,5.0,2,1,19.2583,True,False,False,1,1
450,1,1,52.0,0,0,30.5,False,False,True,0,1
451,0,2,36.0,1,2,27.75,False,False,True,0,0
452,0,3,60.0,1,0,19.9667,False,False,True,0,0
453,0,1,30.0,0,0,27.75,False,False,False,1,0
454,1,1,49.0,1,0,89.1042,False,False,False,0,1
455,0,3,60.0,0,0,8.05,False,False,True,0,0
456,1,3,29.0,0,0,7.8958,False,False,False,0,1
457,0,1,65.0,0,0,26.55,False,False,True,0,0
458,1,1,60.0,1,0,51.8625,True,False,True,1,1
459,1,2,50.0,0,0,10.5,True,False,True,1,1
460,0,3,60.0,0,0,7.75,False,True,False,0,0
461,1,1,48.0,0,0,26.55,False,False,True,0,1
462,0,3,34.0,0,0,8.05,False,False,True,0,0
463,0,1,47.0,0,0,38.5,False,False,True,0,0
464,0,2,48.0,0,0,13.0,False,False,True,0,0
465,0,3,60.0,0,0,8.05,False,False,True,0,0
466,0,3,38.0,0,0,7.05,False,False,True,0,0
467,0,2,60.0,0,0,0.0,False,False,True,0,0
468,0,1,56.0,0,0,26.55,False,False,True,0,0
469,0,3,60.0,0,0,7.725,False,True,False,0,0
470,1,3,0.75,2,1,19.2583,True,False,False,1,1
471,0,3,60.0,0,0,7.25,False,False,True,0,0
472,0,3,38.0,0,0,8.6625,False,False,True,0,0
473,1,2,33.0,1,2,27.75,True,False,True,1,1
474,1,2,23.0,0,0,13.7917,True,False,False,1,1
475,0,3,22.0,0,0,9.8375,True,False,True,1,0
476,0,1,60.0,0,0,52.0,False,False,True,0,0
477,0,2,34.0,1,0,21.0,False,False,True,0,0
478,0,3,29.0,1,0,7.0458,False,False,True,0,0
479,0,3,22.0,0,0,7.5208,False,False,True,0,0
480,1,3,2.0,0,1,12.2875,True,False,True,1,1
481,0,3,9.0,5,2,46.9,False,False,True,0,0
482,0,2,60.0,0,0,0.0,False,False,True,0,0
483,0,3,50.0,0,0,8.05,False,False,True,0,0
484,1,3,63.0,0,0,9.5875,True,False,True,0,1
485,1,1,25.0,1,0,91.0792,False,False,False,1,1
486,0,3,60.0,3,1,25.4667,True,False,True,0,0
487,1,1,35.0,1,0,90.0,True,False,True,1,1
488,0,1,58.0,0,0,29.7,False,False,False,0,0
489,0,3,30.0,0,0,8.05,False,False,True,0,0
490,1,3,9.0,1,1,15.9,False,False,True,0,1
491,0,3,60.0,1,0,19.9667,False,False,True,0,0
492,0,3,21.0,0,0,7.25,False,False,True,0,0
493,0,1,55.0,0,0,30.5,False,False,True,0,0
494,0,1,71.0,0,0,49.5042,False,False,False,0,0
495,0,3,21.0,0,0,8.05,False,False,True,0,0
496,0,3,60.0,0,0,14.4583,False,False,False,0,0
497,1,1,54.0,1,0,78.2667,True,False,False,1,1
498,0,3,60.0,0,0,15.1,False,False,True,0,0
499,0,1,25.0,1,2,151.55,True,False,True,1,1
500,0,3,24.0,0,0,7.7958,False,False,True,0,0
501,0,3,17.0,0,0,8.6625,False,False,True,0,0
502,0,3,21.0,0,0,7.75,True,True,False,1,1
503,0,3,60.0,0,0,7.6292,True,True,False,1,0
504,0,3,37.0,0,0,9.5875,True,False,True,1,0
505,1,1,16.0,0,0,86.5,True,False,True,1,1
506,0,1,18.0,1,0,108.9,False,False,False,1,0
507,1,2,33.0,0,2,26.0,True,False,True,1,1
508,1,1,60.0,0,0,26.55,False,False,True,0,1
509,0,3,28.0,0,0,22.525,False,False,True,0,0
510,1,3,26.0,0,0,56.4958,False,False,True,0,1
511,1,3,29.0,0,0,7.75,False,True,False,0,1
512,0,3,60.0,0,0,8.05,False,False,True,0,0
513,1,1,36.0,0,0,26.2875,False,False,True,0,1
514,1,1,54.0,1,0,59.4,True,False,False,1,1
515,0,3,24.0,0,0,7.4958,False,False,True,0,0
516,0,1,47.0,0,0,34.0208,False,False,True,0,0
517,1,2,34.0,0,0,10.5,True,False,True,1,1
518,0,3,60.0,0,0,24.15,False,True,False,0,0
519,1,2,36.0,1,0,26.0,True,False,True,1,1
520,0,3,32.0,0,0,7.8958,False,False,True,0,0
521,1,1,30.0,0,0,93.5,True,False,True,1,1
522,0,3,22.0,0,0,7.8958,False,False,True,0,0
523,0,3,60.0,0,0,7.225,False,False,False,0,0
524,1,1,44.0,0,1,57.9792,True,False,False,1,1
525,0,3,60.0,0,0,7.2292,False,False,False,0,0
526,0,3,40.5,0,0,7.75,False,True,False,0,0
527,1,2,50.0,0,0,10.5,True,False,True,1,1
528,0,1,60.0,0,0,221.7792,False,False,True,0,0
529,0,3,39.0,0,0,7.925,False,False,True,0,0
530,0,2,23.0,2,1,11.5,False,False,True,0,0
531,1,2,2.0,1,1,26.0,True,False,True,1,1
532,0,3,60.0,0,0,7.2292,False,False,False,0,0
533,0,3,17.0,1,1,7.2292,False,False,False,0,0
534,1,3,60.0,0,2,22.3583,True,False,False,1,1
535,0,3,30.0,0,0,8.6625,True,False,True,1,0
536,1,2,7.0,0,2,26.25,True,False,True,1,1
537,0,1,45.0,0,0,26.55,False,False,True,0,0
538,1,1,30.0,0,0,106.425,True,False,False,1,1
539,0,3,60.0,0,0,14.5,False,False,True,0,0
540,1,1,22.0,0,2,49.5,True,False,False,1,1
541,1,1,36.0,0,2,71.0,True,False,True,1,1
542,0,3,9.0,4,2,31.275,True,False,True,0,0
543,0,3,11.0,4,2,31.275,True,False,True,0,0
544,1,2,32.0,1,0,26.0,False,False,True,0,1
545,0,1,50.0,1,0,106.425,False,False,False,0,1
546,0,1,64.0,0,0,26.0,False,False,True,0,0
547,1,2,19.0,1,0,26.0,True,False,True,1,1
548,1,2,60.0,0,0,13.8625,False,False,False,0,1
549,0,3,33.0,1,1,20.525,False,False,True,0,0
550,1,2,8.0,1,1,36.75,False,False,True,0,1
551,1,1,17.0,0,2,110.8833,False,False,False,1,1
552,0,2,27.0,0,0,26.0,False,False,True,0,0
553,0,3,60.0,0,0,7.8292,False,True,False,0,0
554,1,3,22.0,0,0,7.225,False,False,False,0,0
555,1,3,22.0,0,0,7.775,True,False,True,1,1
556,0,1,62.0,0,0,26.55,False,False,True,0,0
557,1,1,48.0,1,0,39.6,True,False,False,1,1
558,0,1,60.0,0,0,227.525,False,False,False,1,0
559,1,1,39.0,1,1,79.65,True,False,True,1,1
560,1,3,36.0,1,0,17.4,True,False,True,1,0
561,0,3,60.0,0,0,7.75,False,True,False,0,0
562,0,3,40.0,0,0,7.8958,False,False,True,0,0
563,0,2,28.0,0,0,13.5,False,False,True,0,0
564,0,3,60.0,0,0,8.05,False,False,True,0,0
565,0,3,60.0,0,0,8.05,True,False,True,0,0
566,0,3,24.0,2,0,24.15,False,False,True,0,0
567,0,3,19.0,0,0,7.8958,False,False,True,0,0
568,0,3,29.0,0,4,21.075,True,False,True,1,0
569,0,3,60.0,0,0,7.2292,False,False,False,0,0
570,1,3,32.0,0,0,7.8542,False,False,True,0,1
571,1,2,62.0,0,0,10.5,False,False,True,0,0
572,1,1,53.0,2,0,51.4792,True,False,True,1,1
573,1,1,36.0,0,0,26.3875,False,False,True,0,1
574,1,3,60.0,0,0,7.75,True,True,False,1,0
575,0,3,16.0,0,0,8.05,False,False,True,0,0
576,0,3,19.0,0,0,14.5,False,False,True,0,0
577,1,2,34.0,0,0,13.0,True,False,True,1,1
578,1,1,39.0,1,0,55.9,True,False,True,1,1
579,0,3,60.0,1,0,14.4583,True,False,False,1,0
580,1,3,32.0,0,0,7.925,False,False,True,0,0
581,1,2,25.0,1,1,30.0,True,False,True,1,1
582,1,1,39.0,1,1,110.8833,True,False,False,1,1
583,0,2,54.0,0,0,26.0,False,False,True,0,0
584,0,1,36.0,0,0,40.125,False,False,False,1,1
585,0,3,60.0,0,0,8.7125,False,False,False,0,0
586,1,1,18.0,0,2,79.65,True,False,True,1,1
587,0,2,47.0,0,0,15.0,False,False,True,0,0
588,1,1,60.0,1,1,79.2,False,False,False,0,1
589,0,3,22.0,0,0,8.05,False,False,True,0,0
590,0,3,60.0,0,0,8.05,False,False,True,0,0
591,0,3,35.0,0,0,7.125,False,False,True,0,0
592,1,1,52.0,1,0,78.2667,True,False,False,1,1
593,0,3,47.0,0,0,7.25,False,False,True,0,0
594,0,3,60.0,0,2,7.75,True,True,False,1,0
595,0,2,37.0,1,0,26.0,False,False,True,0,0
596,0,3,36.0,1,1,24.15,False,False,True,0,0
597,1,2,60.0,0,0,33.0,True,False,True,1,1
598,0,3,49.0,0,0,0.0,False,False,True,0,0
599,0,3,60.0,0,0,7.225,False,False,False,0,0
600,1,1,49.0,1,0,56.9292,False,False,False,0,1
601,1,2,24.0,2,1,27.0,True,False,True,1,1
602,0,3,60.0,0,0,7.8958,False,False,True,0,0
603,0,1,60.0,0,0,42.4,False,False,True,0,0
604,0,3,44.0,0,0,8.05,False,False,True,0,0
605,1,1,35.0,0,0,26.55,False,False,False,1,1
606,0,3,36.0,1,0,15.55,False,False,True,0,0
607,0,3,30.0,0,0,7.8958,False,False,True,0,0
608,1,1,27.0,0,0,30.5,False,False,True,1,1
609,1,2,22.0,1,2,41.5792,True,False,False,1,1
610,1,1,40.0,0,0,153.4625,True,False,True,1,1
611,0,3,39.0,1,5,31.275,True,False,True,0,0
612,0,3,60.0,0,0,7.05,False,False,True,0,0
613,1,3,60.0,1,0,15.5,True,True,False,1,1
614,0,3,60.0,0,0,7.75,False,True,False,0,0
615,0,3,35.0,0,0,8.05,False,False,True,0,0
616,1,2,24.0,1,2,65.0,True,False,True,1,1
617,0,3,34.0,1,1,14.4,False,False,True,0,0
618,0,3,26.0,1,0,16.1,True,False,True,1,0
619,1,2,4.0,2,1,39.0,True,False,True,1,1
620,0,2,26.0,0,0,10.5,False,False,True,0,0
621,0,3,27.0,1,0,14.4542,False,False,False,0,0
622,1,1,42.0,1,0,52.5542,False,False,True,0,1
623,1,3,20.0,1,1,15.7417,False,False,False,0,1
624,0,3,21.0,0,0,7.8542,False,False,True,0,0
625,0,3,21.0,0,0,16.1,False,False,True,0,0
626,0,1,61.0,0,0,32.3208,False,False,True,0,0
627,0,2,57.0,0,0,12.35,False,True,False,0,0
628,1,1,21.0,0,0,77.9583,True,False,True,1,1
629,0,3,26.0,0,0,7.8958,False,False,True,0,0
630,0,3,60.0,0,0,7.7333,False,True,False,0,0
631,1,1,80.0,0,0,30.0,False,False,True,0,1
632,0,3,51.0,0,0,7.0542,False,False,True,0,0
633,1,1,32.0,0,0,30.5,False,False,False,1,1
634,0,1,60.0,0,0,0.0,False,False,True,0,0
635,0,3,9.0,3,2,27.9,True,False,True,1,0
636,1,2,28.0,0,0,13.0,True,False,True,1,1
637,0,3,32.0,0,0,7.925,False,False,True,0,0
638,0,2,31.0,1,1,26.25,False,False,True,0,0
639,0,3,41.0,0,5,39.6875,True,False,True,0,0
640,0,3,60.0,1,0,16.1,False,False,True,0,0
641,0,3,20.0,0,0,7.8542,False,False,True,0,0
642,1,1,24.0,0,0,69.3,True,False,False,1,1
643,0,3,2.0,3,2,27.9,True,False,True,1,0
644,1,3,60.0,0,0,56.4958,False,False,True,0,1
645,1,3,0.75,2,1,19.2583,True,False,False,1,1
646,1,1,48.0,1,0,76.7292,False,False,False,0,1
647,0,3,19.0,0,0,7.8958,False,False,True,0,0
648,1,1,56.0,0,0,35.5,False,False,False,0,1
649,0,3,60.0,0,0,7.55,False,False,True,0,0
650,1,3,23.0,0,0,7.55,True,False,True,1,1
651,0,3,60.0,0,0,7.8958,False,False,True,0,0
652,1,2,18.0,0,1,23.0,True,False,True,1,1
653,0,3,21.0,0,0,8.4333,False,False,True,0,0
654,1,3,60.0,0,0,7.8292,True,True,False,1,1
655,0,3,18.0,0,0,6.75,True,True,False,1,0
656,0,2,24.0,2,0,73.5,False,False,True,0,0
657,0,3,60.0,0,0,7.8958,False,False,True,0,0
658,0,3,32.0,1,1,15.5,True,True,False,1,0
659,0,2,23.0,0,0,13.0,False,False,True,0,0
660,0,1,58.0,0,2,113.275,False,False,False,0,0
661,1,1,50.0,2,0,133.65,False,False,True,0,1
662,0,3,40.0,0,0,7.225,False,False,False,0,0
663,0,1,47.0,0,0,25.5875,False,False,True,0,0
664,0,3,36.0,0,0,7.4958,False,False,True,0,0
665,1,3,20.0,1,0,7.925,False,False,True,0,1
666,0,2,32.0,2,0,73.5,False,False,True,0,1
667,0,2,25.0,0,0,13.0,False,False,True,0,0
668,0,3,60.0,0,0,7.775,False,False,True,0,0
669,0,3,43.0,0,0,8.05,False,False,True,0,0
670,1,1,60.0,1,0,52.0,True,False,True,1,1
671,1,2,40.0,1,1,39.0,True,False,True,1,1
672,0,1,31.0,1,0,52.0,False,False,True,0,0
673,0,2,70.0,0,0,10.5,False,False,True,0,0
674,1,2,31.0,0,0,13.0,False,False,True,0,1
675,0,2,60.0,0,0,0.0,False,False,True,0,0
676,0,3,18.0,0,0,7.775,False,False,True,0,0
677,0,3,24.5,0,0,8.05,False,False,True,0,0
678,1,3,18.0,0,0,9.8417,True,False,True,1,1
679,0,3,43.0,1,6,46.9,True,False,True,0,0
680,1,1,36.0,0,1,512.3292,False,False,False,1,1
681,0,3,60.0,0,0,8.1375,True,True,False,1,0
682,1,1,27.0,0,0,76.7292,False,False,False,1,1
683,0,3,20.0,0,0,9.225,False,False,True,0,0
684,0,3,14.0,5,2,46.9,False,False,True,0,0
685,0,2,60.0,1,1,39.0,False,False,True,0,0
686,0,2,25.0,1,2,41.5792,False,False,False,0,0
687,0,3,14.0,4,1,39.6875,False,False,True,0,0
688,0,3,19.0,0,0,10.1708,False,False,True,0,0
689,0,3,18.0,0,0,7.7958,False,False,True,0,0
690,1,1,15.0,0,1,211.3375,True,False,True,1,1
691,1,1,31.0,1,0,57.0,False,False,True,0,1
692,1,3,4.0,0,1,13.4167,True,False,False,1,1
693,1,3,60.0,0,0,56.4958,False,False,True,0,1
694,0,3,25.0,0,0,7.225,False,False,False,0,0
695,0,1,60.0,0,0,26.55,False,False,True,0,0
696,0,2,52.0,0,0,13.5,False,False,True,0,0
697,0,3,44.0,0,0,8.05,False,False,True,0,0
698,1,3,60.0,0,0,7.7333,True,True,False,1,1
699,0,1,49.0,1,1,110.8833,False,False,False,0,0
700,0,3,42.0,0,0,7.65,False,False,True,0,0
701,1,1,18.0,1,0,227.525,True,False,False,1,1
702,1,1,35.0,0,0,26.2875,False,False,True,0,1
703,0,3,18.0,0,1,14.4542,True,False,False,1,0
704,0,3,25.0,0,0,7.7417,False,True,False,0,0
705,0,3,26.0,1,0,7.8542,False,False,True,0,0
706,0,2,39.0,0,0,26.0,False,False,True,0,0
707,1,2,45.0,0,0,13.5,True,False,True,1,1
708,1,1,42.0,0,0,26.2875,False,False,True,0,1
709,1,1,22.0,0,0,151.55,True,False,True,1,1
710,1,3,60.0,1,1,15.2458,False,False,False,0,1
711,1,1,24.0,0,0,49.5042,True,False,False,1,1
712,0,1,60.0,0,0,26.55,False,False,True,0,0
713,1,1,48.0,1,0,52.0,False,False,True,0,1
714,0,3,29.0,0,0,9.4833,False,False,True,0,0
715,0,2,52.0,0,0,13.0,False,False,True,0,0
716,0,3,19.0,0,0,7.65,False,False,True,0,0
717,1,1,38.0,0,0,227.525,True,False,False,1,1
718,1,2,27.0,0,0,10.5,True,False,True,1,1
719,0,3,60.0,0,0,15.5,False,True,False,0,0
720,0,3,33.0,0,0,7.775,False,False,True,0,0
721,1,2,6.0,0,1,33.0,True,False,True,1,1
722,0,3,17.0,1,0,7.0542,False,False,True,0,0
723,0,2,34.0,0,0,13.0,False,False,True,0,0
724,0,2,50.0,0,0,13.0,False,False,True,0,0
725,1,1,27.0,1,0,53.1,False,False,True,0,1
726,0,3,20.0,0,0,8.6625,False,False,True,0,0
727,1,2,30.0,3,0,21.0,True,False,True,1,1
728,1,3,60.0,0,0,7.7375,True,True,False,1,1
729,0,2,25.0,1,0,26.0,False,False,True,0,0
730,0,3,25.0,1,0,7.925,True,False,True,1,0
731,1,1,29.0,0,0,211.3375,True,False,True,1,1
732,0,3,11.0,0,0,18.7875,False,False,False,0,0
733,0,2,60.0,0,0,0.0,False,False,True,0,0
734,0,2,23.0,0,0,13.0,False,False,True,0,0
735,0,2,23.0,0,0,13.0,False,False,True,0,0
736,0,3,28.5,0,0,16.1,False,False,True,0,0
737,0,3,48.0,1,3,34.375,True,False,True,0,0
738,1,1,35.0,0,0,512.3292,False,False,False,1,0
739,0,3,60.0,0,0,7.8958,False,False,True,0,0
740,0,3,60.0,0,0,7.8958,False,False,True,0,0
741,1,1,60.0,0,0,30.0,False,False,True,0,1
742,0,1,36.0,1,0,78.85,False,False,True,0,0
743,1,1,21.0,2,2,262.375,True,False,False,1,1
744,0,3,24.0,1,0,16.1,False,False,True,0,0
745,1,3,31.0,0,0,7.925,False,False,True,0,0
746,0,1,70.0,1,1,71.0,False,False,True,0,0
747,0,3,16.0,1,1,20.25,False,False,True,0,0
748,1,2,30.0,0,0,13.0,True,False,True,1,1
749,0,1,19.0,1,0,53.1,False,False,True,1,0
750,0,3,31.0,0,0,7.75,False,True,False,0,0
751,1,2,4.0,1,1,23.0,True,False,True,1,1
752,1,3,6.0,0,1,12.475,False,False,True,0,1
753,0,3,33.0,0,0,9.5,False,False,True,0,0
754,0,3,23.0,0,0,7.8958,False,False,True,0,0
755,1,2,48.0,1,2,65.0,True,False,True,1,1
756,1,2,0.67,1,1,14.5,False,False,True,0,1
757,0,3,28.0,0,0,7.7958,False,False,True,0,0
758,0,2,18.0,0,0,11.5,False,False,True,0,0
759,0,3,34.0,0,0,8.05,False,False,True,0,0
760,1,1,33.0,0,0,86.5,True,False,True,1,1
761,0,3,60.0,0,0,14.5,False,False,True,0,0
762,0,3,41.0,0,0,7.125,False,False,True,0,0
763,1,3,20.0,0,0,7.2292,False,False,False,0,1
764,1,1,36.0,1,2,120.0,True,False,True,1,1
765,0,3,16.0,0,0,7.775,False,False,True,0,0
766,1,1,51.0,1,0,77.9583,True,False,True,1,1
767,0,1,60.0,0,0,39.6,False,False,False,0,0
768,0,3,30.5,0,0,7.75,True,True,False,1,0
769,0,3,60.0,1,0,24.15,False,True,False,0,0
770,0,3,32.0,0,0,8.3625,False,False,True,0,0
771,0,3,24.0,0,0,9.5,False,False,True,0,0
772,0,3,48.0,0,0,7.8542,False,False,True,0,0
773,0,2,57.0,0,0,10.5,True,False,True,1,0
774,0,3,60.0,0,0,7.225,False,False,False,0,0
775,1,2,54.0,1,3,23.0,True,False,True,1,1
776,0,3,18.0,0,0,7.75,False,False,True,0,0
777,0,3,60.0,0,0,7.75,False,True,False,0,0
778,1,3,5.0,0,0,12.475,True,False,True,1,1
779,0,3,60.0,0,0,7.7375,False,True,False,0,0
780,1,1,43.0,0,1,211.3375,True,False,True,1,1
781,1,3,13.0,0,0,7.2292,True,False,False,1,1
782,1,1,17.0,1,0,57.0,True,False,True,1,1
783,0,1,29.0,0,0,30.0,False,False,True,1,1
784,0,3,60.0,1,2,23.45,False,False,True,0,0
785,0,3,25.0,0,0,7.05,False,False,True,0,0
786,0,3,25.0,0,0,7.25,False,False,True,0,0
787,1,3,18.0,0,0,7.4958,True,False,True,1,1
788,0,3,8.0,4,1,29.125,False,True,False,0,0
789,1,3,1.0,1,2,20.575,False,False,True,0,1
790,0,1,46.0,0,0,79.2,False,False,False,1,0
791,0,3,60.0,0,0,7.75,False,True,False,0,0
792,0,2,16.0,0,0,26.0,False,False,True,0,0
793,0,3,60.0,8,2,69.55,True,False,True,0,0
794,0,1,60.0,0,0,30.6958,False,False,False,0,0
795,0,3,25.0,0,0,7.8958,False,False,True,0,0
796,0,2,39.0,0,0,13.0,False,False,True,0,0
797,1,1,49.0,0,0,25.9292,True,False,True,1,1
798,1,3,31.0,0,0,8.6833,True,False,True,1,1
799,0,3,30.0,0,0,7.2292,False,False,False,0,0
800,0,3,30.0,1,1,24.15,True,False,True,1,0
801,0,2,34.0,0,0,13.0,False,False,True,0,0
802,1,2,31.0,1,1,26.25,True,False,True,1,1
803,1,1,11.0,1,2,120.0,False,False,True,1,1
804,1,3,0.42,0,1,8.5167,False,False,False,0,1
805,1,3,27.0,0,0,6.975,False,False,True,0,0
806,0,3,31.0,0,0,7.775,False,False,True,0,0
807,0,1,39.0,0,0,0.0,False,False,True,0,0
808,0,3,18.0,0,0,7.775,True,False,True,1,1
809,0,2,39.0,0,0,13.0,False,False,True,0,0
810,1,1,33.0,1,0,53.1,True,False,True,1,1
811,0,3,26.0,0,0,7.8875,False,False,True,0,0
812,0,3,39.0,0,0,24.15,False,False,True,0,0
813,0,2,35.0,0,0,10.5,False,False,True,0,0
814,0,3,6.0,4,2,31.275,True,False,True,0,0
815,0,3,30.5,0,0,8.05,False,False,True,0,0
816,0,1,60.0,0,0,0.0,False,False,True,0,0
817,0,3,23.0,0,0,7.925,True,False,True,1,0
818,0,2,31.0,1,1,37.0042,False,False,False,0,0
819,0,3,43.0,0,0,6.45,False,False,True,0,0
820,0,3,10.0,3,2,27.9,False,False,True,0,0
821,1,1,52.0,1,1,93.5,True,False,True,1,1
822,1,3,27.0,0,0,8.6625,False,False,True,0,0
823,0,1,38.0,0,0,0.0,False,False,True,0,0
824,1,3,27.0,0,1,12.475,True,False,True,1,1
825,0,3,2.0,4,1,39.6875,False,False,True,0,0
826,0,3,60.0,0,0,6.95,False,True,False,0,0
827,0,3,60.0,0,0,56.4958,False,False,True,0,1
828,1,2,1.0,0,2,37.0042,False,False,False,1,1
829,1,3,60.0,0,0,7.75,False,True,False,0,1
831,1,3,15.0,1,0,14.4542,True,False,False,1,1
832,1,2,0.83,1,1,18.75,False,False,True,0,1
833,0,3,60.0,0,0,7.2292,False,False,False,0,0
834,0,3,23.0,0,0,7.8542,False,False,True,0,0
835,0,3,18.0,0,0,8.3,False,False,True,0,0
836,1,1,39.0,1,1,83.1583,True,False,False,1,1
837,0,3,21.0,0,0,8.6625,False,False,True,0,0
838,0,3,60.0,0,0,8.05,False,False,True,0,0
839,1,3,32.0,0,0,56.4958,False,False,True,0,1
840,1,1,60.0,0,0,29.7,False,False,False,0,1
841,0,3,20.0,0,0,7.925,False,False,True,0,0
842,0,2,16.0,0,0,10.5,False,False,True,0,0
843,1,1,30.0,0,0,31.0,True,False,False,1,1
844,0,3,34.5,0,0,6.4375,False,False,False,0,0
845,0,3,17.0,0,0,8.6625,False,False,True,0,0
846,0,3,42.0,0,0,7.55,False,False,True,0,0
847,0,3,60.0,8,2,69.55,False,False,True,0,0
848,0,3,35.0,0,0,7.8958,False,False,False,0,0
849,0,2,28.0,0,1,33.0,False,False,True,0,0
850,1,1,60.0,1,0,89.1042,True,False,False,1,1
851,0,3,4.0,4,2,31.275,False,False,True,0,0
852,0,3,74.0,0,0,7.775,False,False,True,0,0
853,0,3,9.0,1,1,15.2458,True,False,False,1,1
854,1,1,16.0,0,1,39.4,True,False,True,1,1
855,0,2,44.0,1,0,26.0,True,False,True,1,0
856,1,3,18.0,0,1,9.35,True,False,True,1,1
857,1,1,45.0,1,1,164.8667,True,False,True,1,1
858,1,1,51.0,0,0,26.55,False,False,True,0,1
859,1,3,24.0,0,3,19.2583,True,False,False,1,1
860,0,3,60.0,0,0,7.2292,False,False,False,0,0
861,0,3,41.0,2,0,14.1083,False,False,True,0,0
862,0,2,21.0,1,0,11.5,False,False,True,0,0
863,1,1,48.0,0,0,25.9292,True,False,True,1,1
864,0,3,60.0,8,2,69.55,True,False,True,0,0
865,0,2,24.0,0,0,13.0,False,False,True,0,0
866,1,2,42.0,0,0,13.0,True,False,True,1,1
867,1,2,27.0,1,0,13.8583,True,False,False,1,1
868,0,1,31.0,0,0,50.4958,False,False,True,1,0
869,0,3,60.0,0,0,9.5,False,False,True,0,0
870,1,3,4.0,1,1,11.1333,False,False,True,0,1
871,0,3,26.0,0,0,7.8958,False,False,True,0,0
872,1,1,47.0,1,1,52.5542,True,False,True,1,1
873,0,1,33.0,0,0,5.0,False,False,True,0,0
874,0,3,47.0,0,0,9.0,False,False,True,0,0
875,1,2,28.0,1,0,24.0,True,False,False,1,1
876,1,3,15.0,0,0,7.225,True,False,False,1,1
877,0,3,20.0,0,0,9.8458,False,False,True,0,0
878,0,3,19.0,0,0,7.8958,False,False,True,0,0
879,0,3,60.0,0,0,7.8958,False,False,True,0,0
880,1,1,56.0,0,1,83.1583,True,False,False,1,1
881,1,2,25.0,0,1,26.0,True,False,True,1,1
882,0,3,33.0,0,0,7.8958,False,False,True,0,0
883,0,3,22.0,0,0,10.5167,True,False,True,1,0
884,0,2,28.0,0,0,10.5,False,False,True,0,0
885,0,3,25.0,0,0,7.05,False,False,True,0,0
886,0,3,39.0,0,5,29.125,True,True,False,1,0
887,0,2,27.0,0,0,13.0,False,False,True,0,0
888,1,1,19.0,0,0,30.0,True,False,True,1,1
889,0,3,60.0,1,2,23.45,True,False,True,0,0
890,1,1,26.0,0,0,30.0,False,False,False,1,1
891,0,3,32.0,0,0,7.75,False,True,False,0,0
